브랜드,SKU ID,SKU 명,비고
건우코리아,17748903,세라믹 인센스 홀더 연잎 빈티지그린 2개,제외
건우코리아,12127011,자동차 보관 겸용 휴대용 킥 패드 그레이 1개,제외
건우코리아,12126949,자동차 보관 겸용 휴대용 킥 패드 블랙 1개,제외
건우코리아,12466211,GUNU 걸이형 다용도 린넨 4단 수납함 + 수납박스2P 로즈 1개,제외
건우코리아,12475066,GUNU 다용도 양면 가방 수납걸이 그레이 1개,제외
건우코리아,12475051,GUNU 모던 수납 리빙박스 45X35X25cm M 그레이 1개,제외
건우코리아,12850146,GUNU 모던 인테리어 그림 장식 화한 40x60cm 1개,제외
건우코리아,12986869,GUNU 모던 패턴 규조토 흡수패드 은행잎 2개,제외
건우코리아,13428187,GUNU 모던 패턴 의류커버 60x30x110cm 슬림형 애니멀 2개,제외
건우코리아,13432673,GUNU 모던 패턴 의류커버 60x30x90cm 슬림형 애니멀 2개,제외
건우코리아,13238995,GUNU 모던 패턴 의류커버 60x50x120cm 와이드형 민들레 2개,제외
건우코리아,13201334,GUNU 모던 패턴 의류커버 60x50x120cm 와이드형 체리잎 2개,제외
건우코리아,12466236,GUNU 모던디자인 심플 가죽 티슈커버 레드 2개,제외
건우코리아,12706582,GUNU 모던디자인 심플 가죽 티슈커버 카키브라운 2개,제외
건우코리아,12527164,GUNU 모던디자인 접이식 린넨 리빙박스 58X40X35cm XXL 베이지 1개,제외
건우코리아,12527236,GUNU 방수 린넨 접이식 속옷 수납함 18칸 네이비 2개,제외
건우코리아,16405159,GUNU 보헤미안 짜임 코스터 & 플레이드 투톤 원형 그레이 17cm 2개,제외
건우코리아,16405160,GUNU 보헤미안 짜임 코스터 & 플레이드 투톤 포인트 원형 17cm 2개,제외
건우코리아,12600989,GUNU 빅 다이아몬드 프린팅 샤워커튼 180CMx180CM 1개,제외
건우코리아,13203959,GUNU 심플 플라워 인테리어 장식 그림 40X60cm 핑크 플라워 1개,제외
건우코리아,12497806,GUNU 아로하 플라밍고 샤워커튼 180CMx180CM 1개,제외
건우코리아,12850286,GUNU 앤티크 인테리어그림35x50cm 불규칙도형 1개,제외
건우코리아,12850301,GUNU 앤티크 인테리어그림35x50cm 여인뒷모습 1개,제외
건우코리아,12850293,GUNU 앤티크 인테리어그림40x60cm 불규칙도형 1개,제외
건우코리아,12423478,GUNU 요가&휘트니스 미끄럼방지 핑거 반장갑 블루 L 2개,제외
건우코리아,12911870,GUNU 요가&휘트니스 미끄럼방지 핑거 반장갑 블루 XL 2개,제외
건우코리아,12066760,GUNU 우드타입 슬리퍼 거치대 블루 3개,제외
건우코리아,15908026,GUNU 원형 코튼 접이식 다용도 빨래 바구니 오픈형 38cm 1개,제외
건우코리아,12220290,"GUNU 유럽스타일 침대헤드 스타일커버 120cm, 브라운 1개",제외
건우코리아,12203156,GUNU 유럽스타일 헥사곤 PVC 코스터 빅삼각형 레드 4개,제외
건우코리아,12203178,GUNU 유럽스타일 헥사곤 PVC 코스터 삼각형 레드 6개,제외
건우코리아,12203175,GUNU 유럽스타일 헥사곤 PVC 코스터 스트라이프 그레이 6개,제외
건우코리아,16405158,GUNU 인테리어 코스터 & 플레이스 매트 삼각형 태슬 2개,제외
건우코리아,16405166,GUNU 인테리어 코스터 & 플레이스 매트 원형 태슬 L 2개,제외
건우코리아,16405165,GUNU 인테리어 코스터 & 플레이스 매트 원형 태슬 S 2개,제외
건우코리아,16405151,GUNU 인테리어 코스터 & 플레이스 태슬 원형매트 플라워패턴 1개,제외
건우코리아,16405167,GUNU 인테리어 코스터 사각형 코튼 짜임 L 2개,제외
건우코리아,17052366,GUNU 인테리어 태피스트리 짜임 포인트 포켓 1개,제외
건우코리아,17052365,GUNU 인테리어 태피스트리 태슬 포인트 1개,제외
건우코리아,12497799,GUNU 추상적 패턴 샤워커튼 180CMx180CM 1개,제외
건우코리아,12850290,GUNU 포인트 인테리어 캔버스 프레임미포함 60x60cm 오렌지벽 1개,제외
건우코리아,12462734,GUNU 피트니스 충격흡수 연골실리콘보강 무릎보호대 2P 블랙 XL 1개,제외
건우코리아,13135893,GUNU 홈 장식 인테리어 그림 40X60cm 선글라스 쓴 여인 1개,제외
건우코리아,13463581,GUNU DS 전용 헤어드라이어&툴 2종 보관 실버 1개,제외
건우코리아,12400684,LED 개인방송 셀카봉 링 라이트 평면 26cm+360도 회전브라켓+내부 핸드폰그립 (총3P) 1개,제외
건우코리아,68890565,GUNU 고양이 오작동 예방 인덕션 버튼 안전 커버 블랙 4개,신규
건우코리아,68890566,GUNU 서랍 손끼임 방지 모서리 직각 안전 잠금장치 화이트 6개,신규
건우코리아,68890567,GUNU 고급형 서랍 안전 잠금장치 화이트 10개,신규
건우코리아,68890568,GUNU 접착식 고리형 냉장고 안전 잠금장치 화이트 2개,신규
건우코리아,68890569,GUNU 접착식 고리형 냉장고 안전 잠금장치 블랙 2개,신규
건우코리아,68890570,GUNU 접착식 고리형 냉장고 안전 잠금장치 그레이 2개,신규
건우코리아,68890571,GUNU 부착형 냉장고 자물쇠 안전 시건장치 블랙 2개,신규
건우코리아,68890572,GUNU 부착형 냉장고 자물쇠 안전 시건장치 화이트 2개,신규
건우코리아,68918525,GUNU 서랍 열림 방지 히든버클 안전 잠금장치 화이트 5개,신규
건우코리아,68918526,GUNU 서랍 열림 방지 히든버클 안전 잠금장치 그레이 5개,신규
건우코리아,69118062,GUNU 홈카페 빈티지 감성 귀여운 테이블보 플라워패턴 1개,신규
건우코리아,69118063,GUNU 홈카페 빈티지 감성 귀여운 테이블보 핑크리본 1개,신규
건우코리아,69118066,GUNU 홈카페 빈티지 감성 귀여운 테이블보 빈티지플라워 1개,신규
건우코리아,69118068,GUNU 홈카페 빈티지 감성 귀여운 테이블보 상큼복숭아 1개,신규
건우코리아,69118070,GUNU 홈카페 빈티지 감성 귀여운 테이블보 블루체크 1개,신규
건우코리아,69118074,GUNU 홈카페 빈티지 감성 귀여운 테이블보 나비리본 1개,신규
건우코리아,69118085,GUNU 홈카페 빈티지 감성 귀여운 테이블보 도트플라워 1개,신규
건우코리아,69118086,GUNU 홈카페 빈티지 감성 체크 테이블보 핑크 1개,신규
건우코리아,69118087,GUNU 홈카페 빈티지 감성 체크 테이블보 퍼플 1개,신규
건우코리아,69118090,GUNU 홈카페 빈티지 감성 체크 테이블보 그린 1개,신규
건우코리아,69118091,GUNU 홈카페 빈티지 감성 체크 테이블보 옐로우 1개,신규
건우코리아,69118092,GUNU 홈카페 빈티지 감성 체크 테이블보 레드 1개,신규
건우코리아,69118094,GUNU 홈카페 인테리어 촬영 소품 레이스 테이블보 타입A 1개,신규
건우코리아,69118095,GUNU 홈카페 인테리어 촬영 소품 레이스 테이블보 타입B 1개,신규
건우코리아,69118097,GUNU 홈카페 인테리어 촬영 소품 레이스 테이블보 타입C 1개,신규
건우코리아,69118098,GUNU 홈카페 인테리어 촬영 소품 레이스 테이블보 타입D 1개,신규
건우코리아,69118106,GUNU 홈카페 인테리어 촬영 소품 레이스 테이블보 타입E 1개,신규
건우코리아,69118108,GUNU 감성 인테리어 레이스 협탁 테이블보 타입A 1개,신규
건우코리아,69118111,GUNU 감성 인테리어 레이스 협탁 테이블보 타입B 1개,신규
건우코리아,69118113,GUNU 감성 인테리어 레이스 협탁 테이블보 타입C 1개,신규
건우코리아,69118114,GUNU 감성 홈카페 식탁 테이블보 그린 1개,신규
건우코리아,69118115,GUNU 감성 홈카페 식탁 테이블보 그레이 1개,신규
건우코리아,69118118,GUNU 감성 홈카페 식탁 테이블보 아이보리 1개,신규
건우코리아,69118119,GUNU 감성 홈카페 식탁 테이블보 스카이 1개,신규
건우코리아,69118121,GUNU 감성 홈카페 식탁 테이블보 연그레이 1개,신규
건우코리아,69118128,GUNU 감성 홈카페 식탁 테이블보 블루체크 1개,신규
건우코리아,69118129,GUNU 감성 홈카페 식탁 테이블보 블랙체크 1개,신규
건우코리아,69118130,GUNU 감성 홈카페 식탁 테이블보 레드체크 1개,신규
건우코리아,69118133,GUNU 감성 홈카페 식탁 테이블보 그린체크 1개,신규
건우코리아,69118134,GUNU 감성 홈카페 패브릭 식탁 테이블보 화이트 1개,신규
건우코리아,69118136,GUNU 감성 홈카페 패브릭 식탁 테이블보 아이보리 1개,신규
건우코리아,69118137,GUNU 감성 홈카페 패브릭 식탁 테이블보 그레이 1개,신규
건우코리아,69118138,GUNU 감성 홈카페 패브릭 식탁 테이블보 그린 1개,신규
건우코리아,69118140,GUNU 감성 홈카페 패브릭 식탁 테이블보 옐로우 1개,신규
건우코리아,69118142,GUNU 감성 홈카페 패브릭 식탁 테이블보 핑크 1개,신규
건우코리아,69118143,GUNU 감성 홈카페 패브릭 식탁 테이블보 블루 1개,신규
건우코리아,69118146,GUNU 미끄럼방지 워셔블 스판 원형 테이블보 화이트 60cm 1개,신규
건우코리아,69118147,GUNU 미끄럼방지 워셔블 스판 원형 테이블보 화이트 80cm 1개,신규
건우코리아,69118148,GUNU 미끄럼방지 워셔블 스판 원형 테이블보 화이트 100cm 1개,신규
건우코리아,69118150,GUNU 잘라쓰는 일회용 롤 식탁보 1.37M x 30 M 1개,신규
건우코리아,69169516,GUNU 일회용 위생 식탁보 100x140cm 115장 1개,신규
건우코리아,69169515,GUNU 감성 홈카페 식탁 테이블보 스카이체크 90 x 90 cm 1개,신규
건우코리아,69638870,"GUNU 대용량 피크닉 등산 보온 보냉 이유식 기저귀 가방 로맨스블루 1개, Free",신규
건우코리아,69638871,"GUNU 대용량 피크닉 등산 보온 보냉 이유식 기저귀 가방 쉘핑크 1개, Free",신규
건우코리아,69638873,"GUNU 대용량 도시락 보온 보냉 예쁜 기저귀 이유식 가방 코랄핑크 1개, Free",신규
건우코리아,69638874,"GUNU 대용량 도시락 보온 보냉 예쁜 기저귀 이유식 가방 스카이블루 1개, Free",신규
건우코리아,69638875,"GUNU 보온 보냉 직장인 도시락 가방 아이보리 1개, Free",신규
건우코리아,69638876,"GUNU 보온 보냉 직장인 도시락 가방 네이비 1개, Free",신규
건우코리아,69638877,GUNU 보온 보냉 직장인 방수 도시락 수납 가방 블랙 S 1개,신규
건우코리아,69638879,GUNU 보온 보냉 직장인 방수 도시락 수납 가방 블랙 L 1개,신규
건우코리아,69628946,GUNU 잘라쓰는 일회용 롤도마 30cm X 10m 투명,신규
건우코리아,69713114,"GUNU 보온 보냉 직장인 방수 3중 도시락 가방 블랙 1개, Free",신규
건우코리아,69713115,"GUNU 보온 보냉 직장인 방수 3중 도시락 가방 카키 1개, Free",신규
